{
  "total_samples": 977,
  "average_bleu": 0.11447427080375902,
  "average_f1": 0.3891689175230402,
  "average_semantic": 0.6342498566898133,
  "average_precision": 0.13899692937564057,
  "average_recall": 0.6949846468781986,
  "seed": 42
}