{
  "total_samples": 977,
  "average_bleu": 0.005853660074705377,
  "average_f1": 0.21517812569864495,
  "average_semantic": 0.5856562520671892,
  "average_precision": 0.0,
  "average_recall": 0.0,
  "seed": 44
}