{
  "total_samples": 977,
  "average_bleu": 0.05330259728520585,
  "average_f1": 0.30083620441733533,
  "average_semantic": 0.6136266180183528,
  "average_precision": 0.05629477993858776,
  "average_recall": 0.28147389969293757,
  "seed": 42
}