{
  "total_samples": 977,
  "average_bleu": 0.11664271102957062,
  "average_f1": 0.39098166646472526,
  "average_semantic": 0.6353766494025471,
  "average_precision": 0.13899692937564057,
  "average_recall": 0.6949846468781986,
  "seed": 44
}