{
  "total_samples": 977,
  "average_bleu": 0.054411030008413776,
  "average_f1": 0.3012631376232462,
  "average_semantic": 0.6136235406311532,
  "average_precision": 0.05690890481064509,
  "average_recall": 0.28454452405322417,
  "seed": 43
}