{
  "total_samples": 301,
  "average_bleu": 0.10555473389490265,
  "average_f1": 0.3798977806023771,
  "average_semantic": 0.7348038976226138,
  "average_precision": 0.0,
  "average_recall": 0.0,
  "seed": 42
}